<?xml version="1.0" encoding="UTF-8"?>
<GenRun Id="synth_1" LaunchPart="xc7a100tcsg324-1" LaunchTime="1698709677">
  <File Type="PA-TCL" Name="difference.tcl"/>
  <File Type="RDS-PROPCONSTRS" Name="difference_drc_synth.rpt"/>
  <File Type="REPORTS-TCL" Name="difference_reports.tcl"/>
  <File Type="RDS-RDS" Name="difference.vds"/>
  <File Type="RDS-UTIL" Name="difference_utilization_synth.rpt"/>
  <File Type="RDS-UTIL-PB" Name="difference_utilization_synth.pb"/>
  <File Type="RDS-DCP" Name="difference.dcp"/>
  <File Type="VDS-TIMINGSUMMARY" Name="difference_timing_summary_synth.rpt"/>
  <File Type="VDS-TIMING-PB" Name="difference_timing_summary_synth.pb"/>
  <FileSet Name="sources" Type="DesignSrcs" RelSrcDir="$PSRCDIR/sources_1" RelGenDir="$PGENDIR/sources_1">
    <Filter Type="Srcs"/>
    <File Path="$PSRCDIR/sources_1/imports/Downloads/hex2cathode.vhd">
      <FileInfo>
        <Attr Name="ImportPath" Val="//nfs.seas.wustl.edu/seaslab/home-lab/d.m.young/Downloads/hex2cathode.vhd"/>
        <Attr Name="ImportTime" Val="1698706207"/>
        <Attr Name="UsedIn" Val="synthesis"/>
        <Attr Name="UsedIn" Val="simulation"/>
      </FileInfo>
    </File>
    <File Path="$PPRDIR/difeng.vhd">
      <FileInfo>
        <Attr Name="UsedIn" Val="synthesis"/>
        <Attr Name="UsedIn" Val="simulation"/>
      </FileInfo>
    </File>
    <Config>
      <Option Name="DesignMode" Val="RTL"/>
      <Option Name="TopModule" Val="difference"/>
      <Option Name="TopAutoSet" Val="TRUE"/>
    </Config>
  </FileSet>
  <FileSet Name="constrs_in" Type="Constrs" RelSrcDir="$PSRCDIR/constrs_1">
    <Filter Type="Constrs"/>
    <File Path="$PSRCDIR/constrs_1/imports/Project 2/difeng.xdc">
      <FileInfo>
        <Attr Name="ImportPath" Val="$PPRDIR/../difeng.xdc"/>
        <Attr Name="ImportTime" Val="1695247658"/>
        <Attr Name="UsedIn" Val="synthesis"/>
        <Attr Name="UsedIn" Val="implementation"/>
      </FileInfo>
    </File>
    <Config>
      <Option Name="TargetConstrsFile" Val="$PSRCDIR/constrs_1/imports/Project 2/difeng.xdc"/>
      <Option Name="ConstrsType" Val="XDC"/>
    </Config>
  </FileSet>
  <FileSet Name="utils" Type="Utils" RelSrcDir="$PSRCDIR/utils_1">
    <Filter Type="Utils"/>
    <Config>
      <Option Name="TopAutoSet" Val="TRUE"/>
    </Config>
  </FileSet>
  <Strategy Version="1" Minor="2">
    <StratHandle Name="Vivado Synthesis Defaults" Flow="Vivado Synthesis 2020"/>
    <Step Id="synth_design"/>
  </Strategy>
</GenRun>
