<?xml version="1.0" encoding="UTF-8"?>
<GenRun Id="impl_1" LaunchPart="xc7a100tcsg324-1" LaunchTime="1698709734">
  <File Type="BITSTR-BMM" Name="difference_bd.bmm"/>
  <File Type="OPT-METHODOLOGY-DRC" Name="difference_methodology_drc_opted.rpt"/>
  <File Type="INIT-TIMING" Name="difference_timing_summary_init.rpt"/>
  <File Type="ROUTE-PWR" Name="difference_power_routed.rpt"/>
  <File Type="PA-TCL" Name="difference.tcl"/>
  <File Type="OPT-TIMING" Name="difference_timing_summary_opted.rpt"/>
  <File Type="OPT-DCP" Name="difference_opt.dcp"/>
  <File Type="ROUTE-PWR-SUM" Name="difference_power_summary_routed.pb"/>
  <File Type="REPORTS-TCL" Name="difference_reports.tcl"/>
  <File Type="OPT-DRC" Name="difference_drc_opted.rpt"/>
  <File Type="OPT-HWDEF" Name="difference.hwdef"/>
  <File Type="PWROPT-DCP" Name="difference_pwropt.dcp"/>
  <File Type="PWROPT-DRC" Name="difference_drc_pwropted.rpt"/>
  <File Type="PWROPT-TIMING" Name="difference_timing_summary_pwropted.rpt"/>
  <File Type="PLACE-DCP" Name="difference_placed.dcp"/>
  <File Type="PLACE-IO" Name="difference_io_placed.rpt"/>
  <File Type="PLACE-CLK" Name="difference_clock_utilization_placed.rpt"/>
  <File Type="PLACE-UTIL" Name="difference_utilization_placed.rpt"/>
  <File Type="PLACE-UTIL-PB" Name="difference_utilization_placed.pb"/>
  <File Type="PLACE-CTRL" Name="difference_control_sets_placed.rpt"/>
  <File Type="PLACE-SIMILARITY" Name="difference_incremental_reuse_placed.rpt"/>
  <File Type="PLACE-PRE-SIMILARITY" Name="difference_incremental_reuse_pre_placed.rpt"/>
  <File Type="PLACE-TIMING" Name="difference_timing_summary_placed.rpt"/>
  <File Type="POSTPLACE-PWROPT-DCP" Name="difference_postplace_pwropt.dcp"/>
  <File Type="BG-BIN" Name="difference.bin"/>
  <File Type="POSTPLACE-PWROPT-TIMING" Name="difference_timing_summary_postplace_pwropted.rpt"/>
  <File Type="PHYSOPT-DCP" Name="difference_physopt.dcp"/>
  <File Type="PHYSOPT-DRC" Name="difference_drc_physopted.rpt"/>
  <File Type="BITSTR-MSK" Name="difference.msk"/>
  <File Type="PHYSOPT-TIMING" Name="difference_timing_summary_physopted.rpt"/>
  <File Type="ROUTE-ERROR-DCP" Name="difference_routed_error.dcp"/>
  <File Type="ROUTE-DCP" Name="difference_routed.dcp"/>
  <File Type="ROUTE-BLACKBOX-DCP" Name="difference_routed_bb.dcp"/>
  <File Type="ROUTE-DRC" Name="difference_drc_routed.rpt"/>
  <File Type="ROUTE-DRC-PB" Name="difference_drc_routed.pb"/>
  <File Type="ROUTE-DRC-RPX" Name="difference_drc_routed.rpx"/>
  <File Type="BITSTR-MMI" Name="difference.mmi"/>
  <File Type="ROUTE-METHODOLOGY-DRC" Name="difference_methodology_drc_routed.rpt"/>
  <File Type="ROUTE-METHODOLOGY-DRC-RPX" Name="difference_methodology_drc_routed.rpx"/>
  <File Type="ROUTE-METHODOLOGY-DRC-PB" Name="difference_methodology_drc_routed.pb"/>
  <File Type="ROUTE-PWR-RPX" Name="difference_power_routed.rpx"/>
  <File Type="ROUTE-STATUS" Name="difference_route_status.rpt"/>
  <File Type="ROUTE-STATUS-PB" Name="difference_route_status.pb"/>
  <File Type="ROUTE-TIMINGSUMMARY" Name="difference_timing_summary_routed.rpt"/>
  <File Type="ROUTE-TIMING-PB" Name="difference_timing_summary_routed.pb"/>
  <File Type="ROUTE-TIMING-RPX" Name="difference_timing_summary_routed.rpx"/>
  <File Type="ROUTE-SIMILARITY" Name="difference_incremental_reuse_routed.rpt"/>
  <File Type="ROUTE-CLK" Name="difference_clock_utilization_routed.rpt"/>
  <File Type="ROUTE-BUS-SKEW" Name="difference_bus_skew_routed.rpt"/>
  <File Type="ROUTE-BUS-SKEW-PB" Name="difference_bus_skew_routed.pb"/>
  <File Type="ROUTE-BUS-SKEW-RPX" Name="difference_bus_skew_routed.rpx"/>
  <File Type="POSTROUTE-PHYSOPT-DCP" Name="difference_postroute_physopt.dcp"/>
  <File Type="POSTROUTE-PHYSOPT-BLACKBOX-DCP" Name="difference_postroute_physopt_bb.dcp"/>
  <File Type="POSTROUTE-PHYSOPT-TIMING" Name="difference_timing_summary_postroute_physopted.rpt"/>
  <File Type="POSTROUTE-PHYSOPT-TIMING-PB" Name="difference_timing_summary_postroute_physopted.pb"/>
  <File Type="POSTROUTE-PHYSOPT-TIMING-RPX" Name="difference_timing_summary_postroute_physopted.rpx"/>
  <File Type="POSTROUTE-PHYSOPT-BUS-SKEW" Name="difference_bus_skew_postroute_physopted.rpt"/>
  <File Type="POSTROUTE-PHYSOPT-BUS-SKEW-PB" Name="difference_bus_skew_postroute_physopted.pb"/>
  <File Type="BG-BIT" Name="difference.bit"/>
  <File Type="POSTROUTE-PHYSOPT-BUS-SKEW-RPX" Name="difference_bus_skew_postroute_physopted.rpx"/>
  <File Type="BITSTR-RBT" Name="difference.rbt"/>
  <File Type="BITSTR-NKY" Name="difference.nky"/>
  <File Type="PDI-FILE" Name="difference.pdi"/>
  <File Type="RCFI_FILE" Name="difference.rcfi"/>
  <File Type="CFI_FILE" Name="difference.cfi"/>
  <File Type="RNPI_FILE" Name="difference.rnpi"/>
  <File Type="NPI_FILE" Name="difference.npi"/>
  <File Type="RBD_FILE" Name="difference.rbd"/>
  <File Type="BITSTR-LTX" Name="debug_nets.ltx"/>
  <File Type="BITSTR-LTX" Name="difference.ltx"/>
  <File Type="BITSTR-SYSDEF" Name="difference.sysdef"/>
  <File Type="BG-BGN" Name="difference.bgn"/>
  <File Type="BG-DRC" Name="difference.drc"/>
  <File Type="RDI-RDI" Name="difference.vdi"/>
  <File Type="WBT-USG" Name="usage_statistics_webtalk.html"/>
  <FileSet Name="sources" Type="DesignSrcs" RelSrcDir="$PSRCDIR/sources_1" RelGenDir="$PGENDIR/sources_1">
    <Filter Type="Srcs"/>
    <File Path="$PSRCDIR/sources_1/imports/Downloads/hex2cathode.vhd">
      <FileInfo>
        <Attr Name="ImportPath" Val="//nfs.seas.wustl.edu/seaslab/home-lab/d.m.young/Downloads/hex2cathode.vhd"/>
        <Attr Name="ImportTime" Val="1698706207"/>
        <Attr Name="UsedIn" Val="synthesis"/>
        <Attr Name="UsedIn" Val="simulation"/>
      </FileInfo>
    </File>
    <File Path="$PPRDIR/difeng.vhd">
      <FileInfo>
        <Attr Name="UsedIn" Val="synthesis"/>
        <Attr Name="UsedIn" Val="simulation"/>
      </FileInfo>
    </File>
    <Config>
      <Option Name="DesignMode" Val="RTL"/>
      <Option Name="TopModule" Val="difference"/>
      <Option Name="TopAutoSet" Val="TRUE"/>
    </Config>
  </FileSet>
  <FileSet Name="constrs_in" Type="Constrs" RelSrcDir="$PSRCDIR/constrs_1">
    <Filter Type="Constrs"/>
    <File Path="$PSRCDIR/constrs_1/imports/Project 2/difeng.xdc">
      <FileInfo>
        <Attr Name="ImportPath" Val="$PPRDIR/../difeng.xdc"/>
        <Attr Name="ImportTime" Val="1695247658"/>
        <Attr Name="UsedIn" Val="synthesis"/>
        <Attr Name="UsedIn" Val="implementation"/>
      </FileInfo>
    </File>
    <Config>
      <Option Name="TargetConstrsFile" Val="$PSRCDIR/constrs_1/imports/Project 2/difeng.xdc"/>
      <Option Name="ConstrsType" Val="XDC"/>
    </Config>
  </FileSet>
  <FileSet Name="utils" Type="Utils" RelSrcDir="$PSRCDIR/utils_1">
    <Filter Type="Utils"/>
    <Config>
      <Option Name="TopAutoSet" Val="TRUE"/>
    </Config>
  </FileSet>
  <Strategy Version="1" Minor="2">
    <StratHandle Name="Vivado Implementation Defaults" Flow="Vivado Implementation 2020"/>
    <Step Id="init_design"/>
    <Step Id="opt_design"/>
    <Step Id="power_opt_design"/>
    <Step Id="place_design"/>
    <Step Id="post_place_power_opt_design"/>
    <Step Id="phys_opt_design"/>
    <Step Id="route_design"/>
    <Step Id="post_route_phys_opt_design"/>
    <Step Id="write_bitstream"/>
  </Strategy>
</GenRun>
